,section,role_heading,role_subheading,bullet,quality_score,priority_score,final_score,keep_recommendation,sole_evidence_for,redundant_with,reason,tags
0,Professional Experience,Principal Consultant,Daly Engineers LLC | Jan 2026 - Present,"Led analytical readiness assessment for Oracle/EBS and Maximo data migrated to BigQuery, establishing cross-domain enterprise data integration for construction operations and financial analytics at Consolidated Edison.",8,8,8,keep,"['enterprise data integration', 'BigQuery migration', 'cross-domain integration']",[],"Strong evidence of enterprise data integration and BigQuery use in a production context, relevant to target signals.","['enterprise data integration', 'BigQuery', 'production AI systems']"
1,Professional Experience,Principal Consultant,Daly Engineers LLC | Jan 2026 - Present,"Developed automated data profiling, type inference, duplicate detection, candidate key analysis, and cross-system join validation frameworks across 100+ source tables with millions of operational and financial records.",8,8,8,keep,"['data quality frameworks', 'data profiling automation']",[],"Demonstrates technical complexity and leadership in data engineering and data quality automation at scale, supporting enterprise integration and observability.","['data engineering', 'observability', 'enterprise integration']"
2,Professional Experience,Principal Consultant,Daly Engineers LLC | Jan 2026 - Present,"Created a phased analytical maturity roadmap adopted as the foundation for anomaly detection, construction analytics, and AI-enabled decision support initiatives.",8,8,8,keep,"['technical roadmap ownership', 'AI-enabled decision support']",[],Strong evidence of technical roadmap ownership and AI system planning with measurable business impact.,"['technical roadmap', 'AI decision support', 'business impact']"
3,Professional Experience,Principal Consultant,Daly Engineers LLC | Jan 2026 - Present,"Architected and implemented a governed analytics assistant leveraging Gemini, BigQuery, and tool-calling architectures to enforce analyst rules and operational controls with predictable, auditable execution.",10,10,10,keep,"['governed analytics assistant', 'tool orchestration', 'AI governance', 'production AI systems']",['ConEd Governed Analytics Assistant project bullet'],"Unique and essential evidence of production AI system architecture, tool orchestration, governance, and enterprise integration with measurable operational controls.","['governance', 'tool orchestration', 'production AI', 'BigQuery']"
4,Professional Experience,Principal Consultant,Apex Systems / NBCUniversal | Jan 2026 - Present,"Built AWS-based AI and graph analytics pipelines using SageMaker, Terraform, S3, and containerized workloads to support NBCUniversal's digital twin initiatives.",8,8,8,keep,"['AWS AI pipelines', 'graph analytics', 'digital twin']",['NBCUniversal Digital Twin and Graph Analytics project bullets'],"Strong evidence of production AI system development, graph analytics, and cloud architecture ownership.","['AWS', 'graph analytics', 'production AI systems', 'digital twin']"
5,Professional Experience,Principal Consultant,Apex Systems / NBCUniversal | Jan 2026 - Present,"Developed graph-ready service dependency datasets from API telemetry and operational metrics, enabling graph-based dependency modeling and operational intelligence.",9,9,9,keep,"['graph-based dependency modeling', 'operational intelligence', 'enterprise AI architecture']",['NBCUniversal Digital Twin and Graph Analytics project bullets'],Highly relevant and unique evidence of graph analytics applied to operational intelligence and enterprise AI architecture.,"['graph analytics', 'operational intelligence', 'enterprise AI']"
6,Professional Experience,Principal Consultant,Apex Systems / NBCUniversal | Jan 2026 - Present,"Evaluated graph analytics and graph machine learning approaches using Neptune, GraphStorm, Bedrock, and LangGraph for dependency analysis and enterprise AI architecture.",7,7,7,compress,['graph ML evaluation'],['Developed graph-ready service dependency datasets bullet'],Technical evaluation is useful but less impactful than actual pipeline and dataset development; somewhat redundant with other graph analytics bullets.,"['graph ML', 'enterprise AI']"
7,Professional Experience,Principal Consultant,Apex Systems / NBCUniversal | Jan 2026 - Present,Authored architecture and analytical readiness assessments identifying data and operational gaps impacting long-term digital twin and AI governance objectives.,6,6,5,compress,"['stakeholder communication', 'AI governance assessment']",[],Good evidence of communication and governance awareness but vague and less concrete than other bullets; can be compressed or combined.,"['AI governance', 'stakeholder communication']"
8,Professional Experience,AI Instructor,SimpliLearn | Oct 2025 - Present,"Delivered professional AI training focused on transformer architectures, LLMs, RAG, agentic AI, MCP, diffusion models, and enterprise AI governance to software engineers and technical professionals.",7,7,7,compress,"['AI instruction', 'enterprise AI governance education']",['Mentored students bullet'],Good evidence of mentorship and communication on target AI topics but less critical than production system bullets; can be compressed.,"['mentorship', 'AI governance', 'LLMs', 'RAG', 'agentic AI']"
9,Professional Experience,AI Instructor,SimpliLearn | Oct 2025 - Present,"Developed hands-on demonstrations, Jupyter notebooks, and end-to-end applications covering modern AI workflows, evaluation techniques, and production deployment considerations.",7,7,7,compress,"['AI education', 'production AI deployment teaching']",['Delivered professional AI training bullet'],Supports mentorship and technical leadership but overlaps with other instructor bullets; compress or combine.,"['mentorship', 'production AI systems']"
10,Professional Experience,AI Instructor,SimpliLearn | Oct 2025 - Present,"Mentored students on AI architecture, governance, implementation tradeoffs, and enterprise adoption strategies, emphasizing production AI systems and observability.",8,8,8,keep,"['mentorship', 'AI architecture communication', 'observability education']",[],Strong evidence of mentorship and communication on key target themes including observability and production AI systems.,"['mentorship', 'AI governance', 'observability']"
11,Professional Experience,AI Instructor,Interview Kickstart | Mar 2025 - Present,"Provided instruction on diffusion models, CLIP embeddings, variational autoencoders (VAEs), GANs, and modern image-generation systems for software engineering professionals",5,5,5,compress,['AI instruction on generative models'],['SimpliLearn AI Instructor bullets'],Relevant to AI instruction but less aligned with core target themes; lower priority and somewhat redundant.,"['mentorship', 'generative AI']"
12,Professional Experience,AI Instructor,Interview Kickstart | Mar 2025 - Present,"Developed hands-on demonstrations and coursework illustrating image synthesis, latent representations, multimodal embeddings, and practical applications of generative AI.",5,5,5,compress,['generative AI education'],['SimpliLearn AI Instructor bullets'],Similar to above; useful but lower priority and redundant with stronger mentorship bullets.,"['mentorship', 'generative AI']"
13,Professional Experience,Data Scientist,Meta | Oct 2021 - Jan 2025,"Developed reliability measurement and forecasting frameworks for Meta FinTech, defining leading indicators and decision-support models that translated engineering initiatives into projected reliability outcomes for planning, prioritization, and performance management.",9,10,10,keep,"['reliability measurement', 'forecasting', 'decision-support models', 'production AI systems']",[],"Exceptional evidence of production AI systems, observability, and business impact in a large enterprise environment.","['observability', 'production AI', 'decision support']"
14,Professional Experience,Data Scientist,Meta | Oct 2021 - Jan 2025,"Built attribution frameworks linking incidents, alerts, defects, and operational metrics to engineering organizations and service ownership, enabling accurate accountability and observability.",9,9,9,keep,"['attribution frameworks', 'observability', 'accountability']",[],Strong technical leadership and observability evidence supporting production reliability and governance.,"['observability', 'accountability', 'production AI']"
15,Professional Experience,Data Scientist,Meta | Oct 2021 - Jan 2025,"Designed and developed the ReMon framework, enabling engineering teams to build comprehensive monitoring and alerting systems without requiring expertise in complex internal tooling; adopted across Meta FinTech and contributed to automatic detection of over 15 SEVs in 2024.",10,10,10,keep,"['ReMon monitoring framework', 'observability platform', 'production AI systems']",[],"Exceptional evidence of technical leadership, observability, and production system ownership with measurable impact.","['observability', 'production AI', 'technical leadership']"
16,Professional Experience,Data Scientist,Meta | Oct 2021 - Jan 2025,"Delivered impact sizing, ROI, and risk exposure analyses supporting investment and prioritization decisions across platform reliability, privacy compliance, authentication, testing infrastructure, and data platform initiatives.",7,7,7,compress,"['business impact analysis', 'stakeholder communication']",[],Good evidence of business impact and communication but less technical and unique than other Meta bullets; can be compressed.,"['business impact', 'stakeholder communication']"
17,Professional Experience,Head of Data Science,Facteus | Oct 2017 - Nov 2020,"Led development of market-intelligence products on a 30B+ transaction dataset, transforming raw payment-card activity into merchant, industry, and consumer-behavior intelligence used for competitive analysis and strategic decision-making.",8,8,8,keep,"['large-scale market intelligence', 'business impact']",[],Strong business impact and technical leadership in large-scale data product development.,"['business impact', 'enterprise AI']"
18,Professional Experience,Head of Data Science,Facteus | Oct 2017 - Nov 2020,"Built large-scale entity-resolution systems that transformed billions of cryptic payment-card transactions into structured merchant, brand, industry, and storefront intelligence, enabling analytics across 2,500+ merchants representing more than 60% of observed card transactions and achieving over 99% transaction coverage.",9,9,9,keep,"['entity resolution', 'large-scale data engineering', 'business impact']",[],Highly relevant technical complexity and business impact in enterprise data integration and operational intelligence.,"['entity resolution', 'enterprise data integration', 'business impact']"
19,Professional Experience,Head of Data Science,Facteus | Oct 2017 - Nov 2020,"Generated transaction-based industry intelligence identifying shifts in consumer spending behavior, e-commerce adoption, and market share dynamics, supporting strategic partnerships, investor communications, and commercial growth initiatives.",7,7,7,compress,"['business intelligence', 'market analysis']",['Led development of market-intelligence products bullet'],Good business impact but somewhat redundant with other Facteus bullets; can be compressed.,"['business impact', 'market intelligence']"
20,Professional Experience,"Senior Manager, Operations Analysis",Capital One | Jan 2012 - Dec 2016,"Developed predictive capacity-management models forecasting peak-demand scenarios for customer-facing banking platforms, supporting infrastructure planning, resiliency investments, and operational risk management.",7,7,7,compress,"['predictive modeling', 'capacity management']",[],Relevant to operational intelligence but less unique and impactful than other bullets; can be compressed.,"['predictive modeling', 'operational intelligence']"
21,Professional Experience,"Senior Manager, Operations Analysis",Capital One | Jan 2012 - Dec 2016,"Identified a critical observability gap in which major incidents were frequently detected through customer call centers rather than monitoring systems. Conceived, designed, and led adoption of RITHM (Real-Time IT Health Monitoring), an operational intelligence platform that aggregated monitoring signals by business capability and ownership, reducing major incident detection times from hours to minutes.",10,10,10,keep,"['RITHM operational intelligence platform', 'observability', 'production AI systems', 'technical leadership']",[],"Exceptional evidence of technical leadership, observability, and production system ownership with measurable business impact.","['observability', 'operational intelligence', 'production AI', 'technical leadership']"
22,Professional Experience,"Senior Manager, Operations Analysis",Capital One | Jan 2012 - Dec 2016,"Secured executive sponsorship and partnered with CTO-level leadership to modernize enterprise monitoring strategy, expanding Splunk prototypes into Kafka and Elastic Stack platforms adopted across the organization. Recognized with the Capital One Business Innovation Award for contributions to operational intelligence and enterprise monitoring transformation.",9,9,9,keep,"['stakeholder communication', 'enterprise monitoring modernization', 'technical leadership']",[],"Strong evidence of leadership, stakeholder communication, and enterprise observability platform modernization with recognized business impact.","['stakeholder communication', 'observability', 'technical leadership']"
23,Professional Experience,Senior Principal Systems Engineer / Program Manager,Raytheon | Mar 2005 - Dec 2011,"Led systems engineering teams of 40-50 engineers specializing in modeling, simulation, and advanced aerospace systems, providing technical leadership and risk management for programs valued up to $50M.",8,7,7,compress,"['technical leadership', 'large team management', 'complex systems']",[],Good leadership evidence but older and less aligned with AI focus; can be compressed.,"['technical leadership', 'systems engineering']"
24,Professional Experience,Senior Principal Systems Engineer / Program Manager,Raytheon | Mar 2005 - Dec 2011,"Turned around an over-budget classified fixed-price technology program by establishing execution plans, aligning teams, and managing risks; delivered under budget and nearly doubled profit targets.",7,6,5,compress,"['program turnaround', 'risk management', 'leadership']",['Led systems engineering teams bullet'],Good leadership and project management evidence but less relevant to AI and production systems; compress or remove.,"['leadership', 'program management']"
25,Professional Experience,Senior Principal Systems Engineer / Program Manager,Raytheon | Mar 2005 - Dec 2011,"Served as Principal Investigator for advanced radar resource-management systems, leading research, simulation, flight testing, and operational deployment across multiple tactical and surveillance aircraft programs. Developed patented fuzzy-logic scheduling technology that optimized radar resource allocation and was deployed on major Department of Defense aircraft platforms.",10,9,9,keep,"['patented decision system', 'production deployment', 'technical leadership']",[],"Unique and strong evidence of patented deployed decision systems and technical leadership, a key differentiator.","['patent', 'decision systems', 'production AI', 'technical leadership']"
